AI suite output tensor offset;output channel (C);output depth (D);output height (H);output width (W);output C-vector (Cvec);->;logical output tensor offset;transformed channel (C);transformed depth (D);transformed height (H);transformed width (W)
0;0;0;0;0;0;->;0;0;0;0;0
1;0;0;0;0;1;->;1;1;0;0;0
2;0;0;0;0;2;->;2;2;0;0;0
3;0;0;0;0;3;->;3;3;0;0;0
4;0;0;0;0;4;->;4;4;0;0;0
5;0;0;0;0;5;->;5;5;0;0;0
6;0;0;0;0;6;->;6;6;0;0;0
7;0;0;0;0;7;->;7;7;0;0;0
8;0;0;0;0;8;->;8;8;0;0;0
9;0;0;0;0;9;->;9;9;0;0;0
10;0;0;0;0;10;->;10;10;0;0;0
11;0;0;0;0;11;->;11;11;0;0;0
12;0;0;0;0;12;->;12;12;0;0;0
13;0;0;0;0;13;->;13;13;0;0;0
14;0;0;0;0;14;->;14;14;0;0;0
15;0;0;0;0;15;->;15;15;0;0;0
16;0;0;0;0;16;->;16;16;0;0;0
17;0;0;0;0;17;->;17;17;0;0;0
18;0;0;0;0;18;->;18;18;0;0;0
19;0;0;0;0;19;->;19;19;0;0;0
20;0;0;0;0;20;->;20;20;0;0;0
21;0;0;0;0;21;->;21;21;0;0;0
22;0;0;0;0;22;->;22;22;0;0;0
23;0;0;0;0;23;->;23;23;0;0;0
24;0;0;0;0;24;->;24;24;0;0;0
25;0;0;0;0;25;->;25;25;0;0;0
26;0;0;0;0;26;->;26;26;0;0;0
27;0;0;0;0;27;->;27;27;0;0;0
28;0;0;0;0;28;->;28;28;0;0;0
29;0;0;0;0;29;->;29;29;0;0;0
30;0;0;0;0;30;->;30;30;0;0;0
31;0;0;0;0;31;->;31;31;0;0;0
32;1;0;0;0;0;->;32;32;0;0;0
33;1;0;0;0;1;->;33;33;0;0;0
34;1;0;0;0;2;->;34;34;0;0;0
35;1;0;0;0;3;->;35;35;0;0;0
36;1;0;0;0;4;->;36;36;0;0;0
37;1;0;0;0;5;->;37;37;0;0;0
38;1;0;0;0;6;->;38;38;0;0;0
39;1;0;0;0;7;->;39;39;0;0;0
40;1;0;0;0;8;->;40;40;0;0;0
41;1;0;0;0;9;->;41;41;0;0;0
42;1;0;0;0;10;->;42;42;0;0;0
43;1;0;0;0;11;->;43;43;0;0;0
44;1;0;0;0;12;->;44;44;0;0;0
45;1;0;0;0;13;->;45;45;0;0;0
46;1;0;0;0;14;->;46;46;0;0;0
47;1;0;0;0;15;->;47;47;0;0;0
48;1;0;0;0;16;->;48;48;0;0;0
49;1;0;0;0;17;->;49;49;0;0;0
50;1;0;0;0;18;->;50;50;0;0;0
51;1;0;0;0;19;->;51;51;0;0;0
52;1;0;0;0;20;->;52;52;0;0;0
53;1;0;0;0;21;->;53;53;0;0;0
54;1;0;0;0;22;->;54;54;0;0;0
55;1;0;0;0;23;->;55;55;0;0;0
56;1;0;0;0;24;->;56;56;0;0;0
57;1;0;0;0;25;->;57;57;0;0;0
58;1;0;0;0;26;->;58;58;0;0;0
59;1;0;0;0;27;->;59;59;0;0;0
60;1;0;0;0;28;->;60;60;0;0;0
61;1;0;0;0;29;->;61;61;0;0;0
62;1;0;0;0;30;->;62;62;0;0;0
63;1;0;0;0;31;->;63;63;0;0;0
64;2;0;0;0;0;->;64;64;0;0;0
65;2;0;0;0;1;->;65;65;0;0;0
66;2;0;0;0;2;->;66;66;0;0;0
67;2;0;0;0;3;->;67;67;0;0;0
68;2;0;0;0;4;->;68;68;0;0;0
69;2;0;0;0;5;->;69;69;0;0;0
70;2;0;0;0;6;->;70;70;0;0;0
71;2;0;0;0;7;->;71;71;0;0;0
72;2;0;0;0;8;->;72;72;0;0;0
73;2;0;0;0;9;->;73;73;0;0;0
74;2;0;0;0;10;->;74;74;0;0;0
75;2;0;0;0;11;->;75;75;0;0;0
76;2;0;0;0;12;->;76;76;0;0;0
77;2;0;0;0;13;->;77;77;0;0;0
78;2;0;0;0;14;->;78;78;0;0;0
79;2;0;0;0;15;->;79;79;0;0;0
80;2;0;0;0;16;->;80;80;0;0;0
81;2;0;0;0;17;->;81;81;0;0;0
82;2;0;0;0;18;->;82;82;0;0;0
83;2;0;0;0;19;->;83;83;0;0;0
84;2;0;0;0;20;->;84;84;0;0;0
85;2;0;0;0;21;->;85;85;0;0;0
86;2;0;0;0;22;->;86;86;0;0;0
87;2;0;0;0;23;->;87;87;0;0;0
88;2;0;0;0;24;->;88;88;0;0;0
89;2;0;0;0;25;->;89;89;0;0;0
90;2;0;0;0;26;->;90;90;0;0;0
91;2;0;0;0;27;->;91;91;0;0;0
92;2;0;0;0;28;->;92;92;0;0;0
93;2;0;0;0;29;->;93;93;0;0;0
94;2;0;0;0;30;->;94;94;0;0;0
95;2;0;0;0;31;->;95;95;0;0;0
96;3;0;0;0;0;->;96;96;0;0;0
97;3;0;0;0;1;->;97;97;0;0;0
98;3;0;0;0;2;->;98;98;0;0;0
99;3;0;0;0;3;->;99;99;0;0;0
100;3;0;0;0;4;->;100;100;0;0;0
101;3;0;0;0;5;->;101;101;0;0;0
102;3;0;0;0;6;->;102;102;0;0;0
103;3;0;0;0;7;->;103;103;0;0;0
104;3;0;0;0;8;->;104;104;0;0;0
105;3;0;0;0;9;->;105;105;0;0;0
106;3;0;0;0;10;->;106;106;0;0;0
107;3;0;0;0;11;->;107;107;0;0;0
108;3;0;0;0;12;->;108;108;0;0;0
109;3;0;0;0;13;->;109;109;0;0;0
110;3;0;0;0;14;->;110;110;0;0;0
111;3;0;0;0;15;->;111;111;0;0;0
112;3;0;0;0;16;->;112;112;0;0;0
113;3;0;0;0;17;->;113;113;0;0;0
114;3;0;0;0;18;->;114;114;0;0;0
115;3;0;0;0;19;->;115;115;0;0;0
116;3;0;0;0;20;->;116;116;0;0;0
117;3;0;0;0;21;->;117;117;0;0;0
118;3;0;0;0;22;->;118;118;0;0;0
119;3;0;0;0;23;->;119;119;0;0;0
120;3;0;0;0;24;->;120;120;0;0;0
121;3;0;0;0;25;->;121;121;0;0;0
122;3;0;0;0;26;->;122;122;0;0;0
123;3;0;0;0;27;->;123;123;0;0;0
124;3;0;0;0;28;->;124;124;0;0;0
125;3;0;0;0;29;->;125;125;0;0;0
126;3;0;0;0;30;->;126;126;0;0;0
127;3;0;0;0;31;->;127;127;0;0;0
128;4;0;0;0;0;->;128;128;0;0;0
129;4;0;0;0;1;->;129;129;0;0;0
130;4;0;0;0;2;->;130;130;0;0;0
131;4;0;0;0;3;->;131;131;0;0;0
132;4;0;0;0;4;->;132;132;0;0;0
133;4;0;0;0;5;->;133;133;0;0;0
134;4;0;0;0;6;->;134;134;0;0;0
135;4;0;0;0;7;->;135;135;0;0;0
136;4;0;0;0;8;->;136;136;0;0;0
137;4;0;0;0;9;->;137;137;0;0;0
138;4;0;0;0;10;->;138;138;0;0;0
139;4;0;0;0;11;->;139;139;0;0;0
140;4;0;0;0;12;->;140;140;0;0;0
141;4;0;0;0;13;->;141;141;0;0;0
142;4;0;0;0;14;->;142;142;0;0;0
143;4;0;0;0;15;->;143;143;0;0;0
144;4;0;0;0;16;->;144;144;0;0;0
145;4;0;0;0;17;->;145;145;0;0;0
146;4;0;0;0;18;->;146;146;0;0;0
147;4;0;0;0;19;->;147;147;0;0;0
148;4;0;0;0;20;->;148;148;0;0;0
149;4;0;0;0;21;->;149;149;0;0;0
150;4;0;0;0;22;->;150;150;0;0;0
151;4;0;0;0;23;->;151;151;0;0;0
152;4;0;0;0;24;->;152;152;0;0;0
153;4;0;0;0;25;->;153;153;0;0;0
154;4;0;0;0;26;->;154;154;0;0;0
155;4;0;0;0;27;->;155;155;0;0;0
156;4;0;0;0;28;->;156;156;0;0;0
157;4;0;0;0;29;->;157;157;0;0;0
158;4;0;0;0;30;->;158;158;0;0;0
159;4;0;0;0;31;->;159;159;0;0;0
160;5;0;0;0;0;->;160;160;0;0;0
161;5;0;0;0;1;->;161;161;0;0;0
162;5;0;0;0;2;->;162;162;0;0;0
163;5;0;0;0;3;->;163;163;0;0;0
164;5;0;0;0;4;->;164;164;0;0;0
165;5;0;0;0;5;->;165;165;0;0;0
166;5;0;0;0;6;->;166;166;0;0;0
167;5;0;0;0;7;->;167;167;0;0;0
168;5;0;0;0;8;->;168;168;0;0;0
169;5;0;0;0;9;->;169;169;0;0;0
170;5;0;0;0;10;->;170;170;0;0;0
171;5;0;0;0;11;->;171;171;0;0;0
172;5;0;0;0;12;->;172;172;0;0;0
173;5;0;0;0;13;->;173;173;0;0;0
174;5;0;0;0;14;->;174;174;0;0;0
175;5;0;0;0;15;->;175;175;0;0;0
176;5;0;0;0;16;->;176;176;0;0;0
177;5;0;0;0;17;->;177;177;0;0;0
178;5;0;0;0;18;->;178;178;0;0;0
179;5;0;0;0;19;->;179;179;0;0;0
180;5;0;0;0;20;->;180;180;0;0;0
181;5;0;0;0;21;->;181;181;0;0;0
182;5;0;0;0;22;->;182;182;0;0;0
183;5;0;0;0;23;->;183;183;0;0;0
184;5;0;0;0;24;->;184;184;0;0;0
185;5;0;0;0;25;->;185;185;0;0;0
186;5;0;0;0;26;->;186;186;0;0;0
187;5;0;0;0;27;->;187;187;0;0;0
188;5;0;0;0;28;->;188;188;0;0;0
189;5;0;0;0;29;->;189;189;0;0;0
190;5;0;0;0;30;->;190;190;0;0;0
191;5;0;0;0;31;->;191;191;0;0;0
192;6;0;0;0;0;->;192;192;0;0;0
193;6;0;0;0;1;->;193;193;0;0;0
194;6;0;0;0;2;->;194;194;0;0;0
195;6;0;0;0;3;->;195;195;0;0;0
196;6;0;0;0;4;->;196;196;0;0;0
197;6;0;0;0;5;->;197;197;0;0;0
198;6;0;0;0;6;->;198;198;0;0;0
199;6;0;0;0;7;->;199;199;0;0;0
200;6;0;0;0;8;->;200;200;0;0;0
201;6;0;0;0;9;->;201;201;0;0;0
202;6;0;0;0;10;->;202;202;0;0;0
203;6;0;0;0;11;->;203;203;0;0;0
204;6;0;0;0;12;->;204;204;0;0;0
205;6;0;0;0;13;->;205;205;0;0;0
206;6;0;0;0;14;->;206;206;0;0;0
207;6;0;0;0;15;->;207;207;0;0;0
208;6;0;0;0;16;->;208;208;0;0;0
209;6;0;0;0;17;->;209;209;0;0;0
210;6;0;0;0;18;->;210;210;0;0;0
211;6;0;0;0;19;->;211;211;0;0;0
212;6;0;0;0;20;->;212;212;0;0;0
213;6;0;0;0;21;->;213;213;0;0;0
214;6;0;0;0;22;->;214;214;0;0;0
215;6;0;0;0;23;->;215;215;0;0;0
216;6;0;0;0;24;->;216;216;0;0;0
217;6;0;0;0;25;->;217;217;0;0;0
218;6;0;0;0;26;->;218;218;0;0;0
219;6;0;0;0;27;->;219;219;0;0;0
220;6;0;0;0;28;->;220;220;0;0;0
221;6;0;0;0;29;->;221;221;0;0;0
222;6;0;0;0;30;->;222;222;0;0;0
223;6;0;0;0;31;->;223;223;0;0;0
224;7;0;0;0;0;->;224;224;0;0;0
225;7;0;0;0;1;->;225;225;0;0;0
226;7;0;0;0;2;->;226;226;0;0;0
227;7;0;0;0;3;->;227;227;0;0;0
228;7;0;0;0;4;->;228;228;0;0;0
229;7;0;0;0;5;->;229;229;0;0;0
230;7;0;0;0;6;->;230;230;0;0;0
231;7;0;0;0;7;->;231;231;0;0;0
232;7;0;0;0;8;->;232;232;0;0;0
233;7;0;0;0;9;->;233;233;0;0;0
234;7;0;0;0;10;->;234;234;0;0;0
235;7;0;0;0;11;->;235;235;0;0;0
236;7;0;0;0;12;->;236;236;0;0;0
237;7;0;0;0;13;->;237;237;0;0;0
238;7;0;0;0;14;->;238;238;0;0;0
239;7;0;0;0;15;->;239;239;0;0;0
240;7;0;0;0;16;->;240;240;0;0;0
241;7;0;0;0;17;->;241;241;0;0;0
242;7;0;0;0;18;->;242;242;0;0;0
243;7;0;0;0;19;->;243;243;0;0;0
244;7;0;0;0;20;->;244;244;0;0;0
245;7;0;0;0;21;->;245;245;0;0;0
246;7;0;0;0;22;->;246;246;0;0;0
247;7;0;0;0;23;->;247;247;0;0;0
248;7;0;0;0;24;->;248;248;0;0;0
249;7;0;0;0;25;->;249;249;0;0;0
250;7;0;0;0;26;->;250;250;0;0;0
251;7;0;0;0;27;->;251;251;0;0;0
252;7;0;0;0;28;->;252;252;0;0;0
253;7;0;0;0;29;->;253;253;0;0;0
254;7;0;0;0;30;->;254;254;0;0;0
255;7;0;0;0;31;->;255;255;0;0;0
256;8;0;0;0;0;->;256;256;0;0;0
257;8;0;0;0;1;->;257;257;0;0;0
258;8;0;0;0;2;->;258;258;0;0;0
259;8;0;0;0;3;->;259;259;0;0;0
260;8;0;0;0;4;->;260;260;0;0;0
261;8;0;0;0;5;->;261;261;0;0;0
262;8;0;0;0;6;->;262;262;0;0;0
263;8;0;0;0;7;->;263;263;0;0;0
264;8;0;0;0;8;->;264;264;0;0;0
265;8;0;0;0;9;->;265;265;0;0;0
266;8;0;0;0;10;->;266;266;0;0;0
267;8;0;0;0;11;->;267;267;0;0;0
268;8;0;0;0;12;->;268;268;0;0;0
269;8;0;0;0;13;->;269;269;0;0;0
270;8;0;0;0;14;->;270;270;0;0;0
271;8;0;0;0;15;->;271;271;0;0;0
272;8;0;0;0;16;->;272;272;0;0;0
273;8;0;0;0;17;->;273;273;0;0;0
274;8;0;0;0;18;->;274;274;0;0;0
275;8;0;0;0;19;->;275;275;0;0;0
276;8;0;0;0;20;->;276;276;0;0;0
277;8;0;0;0;21;->;277;277;0;0;0
278;8;0;0;0;22;->;278;278;0;0;0
279;8;0;0;0;23;->;279;279;0;0;0
280;8;0;0;0;24;->;280;280;0;0;0
281;8;0;0;0;25;->;281;281;0;0;0
282;8;0;0;0;26;->;282;282;0;0;0
283;8;0;0;0;27;->;283;283;0;0;0
284;8;0;0;0;28;->;284;284;0;0;0
285;8;0;0;0;29;->;285;285;0;0;0
286;8;0;0;0;30;->;286;286;0;0;0
287;8;0;0;0;31;->;287;287;0;0;0
288;9;0;0;0;0;->;288;288;0;0;0
289;9;0;0;0;1;->;289;289;0;0;0
290;9;0;0;0;2;->;290;290;0;0;0
291;9;0;0;0;3;->;291;291;0;0;0
292;9;0;0;0;4;->;292;292;0;0;0
293;9;0;0;0;5;->;293;293;0;0;0
294;9;0;0;0;6;->;294;294;0;0;0
295;9;0;0;0;7;->;295;295;0;0;0
296;9;0;0;0;8;->;296;296;0;0;0
297;9;0;0;0;9;->;297;297;0;0;0
298;9;0;0;0;10;->;298;298;0;0;0
299;9;0;0;0;11;->;299;299;0;0;0
300;9;0;0;0;12;->;300;300;0;0;0
301;9;0;0;0;13;->;301;301;0;0;0
302;9;0;0;0;14;->;302;302;0;0;0
303;9;0;0;0;15;->;303;303;0;0;0
304;9;0;0;0;16;->;304;304;0;0;0
305;9;0;0;0;17;->;305;305;0;0;0
306;9;0;0;0;18;->;306;306;0;0;0
307;9;0;0;0;19;->;307;307;0;0;0
308;9;0;0;0;20;->;308;308;0;0;0
309;9;0;0;0;21;->;309;309;0;0;0
310;9;0;0;0;22;->;310;310;0;0;0
311;9;0;0;0;23;->;311;311;0;0;0
312;9;0;0;0;24;->;312;312;0;0;0
313;9;0;0;0;25;->;313;313;0;0;0
314;9;0;0;0;26;->;314;314;0;0;0
315;9;0;0;0;27;->;315;315;0;0;0
316;9;0;0;0;28;->;316;316;0;0;0
317;9;0;0;0;29;->;317;317;0;0;0
318;9;0;0;0;30;->;318;318;0;0;0
319;9;0;0;0;31;->;319;319;0;0;0
320;10;0;0;0;0;->;320;320;0;0;0
321;10;0;0;0;1;->;321;321;0;0;0
322;10;0;0;0;2;->;322;322;0;0;0
323;10;0;0;0;3;->;323;323;0;0;0
324;10;0;0;0;4;->;324;324;0;0;0
325;10;0;0;0;5;->;325;325;0;0;0
326;10;0;0;0;6;->;326;326;0;0;0
327;10;0;0;0;7;->;327;327;0;0;0
328;10;0;0;0;8;->;328;328;0;0;0
329;10;0;0;0;9;->;329;329;0;0;0
330;10;0;0;0;10;->;330;330;0;0;0
331;10;0;0;0;11;->;331;331;0;0;0
332;10;0;0;0;12;->;332;332;0;0;0
333;10;0;0;0;13;->;333;333;0;0;0
334;10;0;0;0;14;->;334;334;0;0;0
335;10;0;0;0;15;->;335;335;0;0;0
336;10;0;0;0;16;->;336;336;0;0;0
337;10;0;0;0;17;->;337;337;0;0;0
338;10;0;0;0;18;->;338;338;0;0;0
339;10;0;0;0;19;->;339;339;0;0;0
340;10;0;0;0;20;->;340;340;0;0;0
341;10;0;0;0;21;->;341;341;0;0;0
342;10;0;0;0;22;->;342;342;0;0;0
343;10;0;0;0;23;->;343;343;0;0;0
344;10;0;0;0;24;->;344;344;0;0;0
345;10;0;0;0;25;->;345;345;0;0;0
346;10;0;0;0;26;->;346;346;0;0;0
347;10;0;0;0;27;->;347;347;0;0;0
348;10;0;0;0;28;->;348;348;0;0;0
349;10;0;0;0;29;->;349;349;0;0;0
350;10;0;0;0;30;->;350;350;0;0;0
351;10;0;0;0;31;->;351;351;0;0;0
352;11;0;0;0;0;->;352;352;0;0;0
353;11;0;0;0;1;->;353;353;0;0;0
354;11;0;0;0;2;->;354;354;0;0;0
355;11;0;0;0;3;->;355;355;0;0;0
356;11;0;0;0;4;->;356;356;0;0;0
357;11;0;0;0;5;->;357;357;0;0;0
358;11;0;0;0;6;->;358;358;0;0;0
359;11;0;0;0;7;->;359;359;0;0;0
360;11;0;0;0;8;->;360;360;0;0;0
361;11;0;0;0;9;->;361;361;0;0;0
362;11;0;0;0;10;->;362;362;0;0;0
363;11;0;0;0;11;->;363;363;0;0;0
364;11;0;0;0;12;->;364;364;0;0;0
365;11;0;0;0;13;->;365;365;0;0;0
366;11;0;0;0;14;->;366;366;0;0;0
367;11;0;0;0;15;->;367;367;0;0;0
368;11;0;0;0;16;->;368;368;0;0;0
369;11;0;0;0;17;->;369;369;0;0;0
370;11;0;0;0;18;->;370;370;0;0;0
371;11;0;0;0;19;->;371;371;0;0;0
372;11;0;0;0;20;->;372;372;0;0;0
373;11;0;0;0;21;->;373;373;0;0;0
374;11;0;0;0;22;->;374;374;0;0;0
375;11;0;0;0;23;->;375;375;0;0;0
376;11;0;0;0;24;->;376;376;0;0;0
377;11;0;0;0;25;->;377;377;0;0;0
378;11;0;0;0;26;->;378;378;0;0;0
379;11;0;0;0;27;->;379;379;0;0;0
380;11;0;0;0;28;->;380;380;0;0;0
381;11;0;0;0;29;->;381;381;0;0;0
382;11;0;0;0;30;->;382;382;0;0;0
383;11;0;0;0;31;->;383;383;0;0;0
384;12;0;0;0;0;->;384;384;0;0;0
385;12;0;0;0;1;->;385;385;0;0;0
386;12;0;0;0;2;->;386;386;0;0;0
387;12;0;0;0;3;->;387;387;0;0;0
388;12;0;0;0;4;->;388;388;0;0;0
389;12;0;0;0;5;->;389;389;0;0;0
390;12;0;0;0;6;->;390;390;0;0;0
391;12;0;0;0;7;->;391;391;0;0;0
392;12;0;0;0;8;->;392;392;0;0;0
393;12;0;0;0;9;->;393;393;0;0;0
394;12;0;0;0;10;->;394;394;0;0;0
395;12;0;0;0;11;->;395;395;0;0;0
396;12;0;0;0;12;->;396;396;0;0;0
397;12;0;0;0;13;->;397;397;0;0;0
398;12;0;0;0;14;->;398;398;0;0;0
399;12;0;0;0;15;->;399;399;0;0;0
400;12;0;0;0;16;->;400;400;0;0;0
401;12;0;0;0;17;->;401;401;0;0;0
402;12;0;0;0;18;->;402;402;0;0;0
403;12;0;0;0;19;->;403;403;0;0;0
404;12;0;0;0;20;->;404;404;0;0;0
405;12;0;0;0;21;->;405;405;0;0;0
406;12;0;0;0;22;->;406;406;0;0;0
407;12;0;0;0;23;->;407;407;0;0;0
408;12;0;0;0;24;->;408;408;0;0;0
409;12;0;0;0;25;->;409;409;0;0;0
410;12;0;0;0;26;->;410;410;0;0;0
411;12;0;0;0;27;->;411;411;0;0;0
412;12;0;0;0;28;->;412;412;0;0;0
413;12;0;0;0;29;->;413;413;0;0;0
414;12;0;0;0;30;->;414;414;0;0;0
415;12;0;0;0;31;->;415;415;0;0;0
416;13;0;0;0;0;->;416;416;0;0;0
417;13;0;0;0;1;->;417;417;0;0;0
418;13;0;0;0;2;->;418;418;0;0;0
419;13;0;0;0;3;->;419;419;0;0;0
420;13;0;0;0;4;->;420;420;0;0;0
421;13;0;0;0;5;->;421;421;0;0;0
422;13;0;0;0;6;->;422;422;0;0;0
423;13;0;0;0;7;->;423;423;0;0;0
424;13;0;0;0;8;->;424;424;0;0;0
425;13;0;0;0;9;->;425;425;0;0;0
426;13;0;0;0;10;->;426;426;0;0;0
427;13;0;0;0;11;->;427;427;0;0;0
428;13;0;0;0;12;->;428;428;0;0;0
429;13;0;0;0;13;->;429;429;0;0;0
430;13;0;0;0;14;->;430;430;0;0;0
431;13;0;0;0;15;->;431;431;0;0;0
432;13;0;0;0;16;->;432;432;0;0;0
433;13;0;0;0;17;->;433;433;0;0;0
434;13;0;0;0;18;->;434;434;0;0;0
435;13;0;0;0;19;->;435;435;0;0;0
436;13;0;0;0;20;->;436;436;0;0;0
437;13;0;0;0;21;->;437;437;0;0;0
438;13;0;0;0;22;->;438;438;0;0;0
439;13;0;0;0;23;->;439;439;0;0;0
440;13;0;0;0;24;->;440;440;0;0;0
441;13;0;0;0;25;->;441;441;0;0;0
442;13;0;0;0;26;->;442;442;0;0;0
443;13;0;0;0;27;->;443;443;0;0;0
444;13;0;0;0;28;->;444;444;0;0;0
445;13;0;0;0;29;->;445;445;0;0;0
446;13;0;0;0;30;->;446;446;0;0;0
447;13;0;0;0;31;->;447;447;0;0;0
448;14;0;0;0;0;->;448;448;0;0;0
449;14;0;0;0;1;->;449;449;0;0;0
450;14;0;0;0;2;->;450;450;0;0;0
451;14;0;0;0;3;->;451;451;0;0;0
452;14;0;0;0;4;->;452;452;0;0;0
453;14;0;0;0;5;->;453;453;0;0;0
454;14;0;0;0;6;->;454;454;0;0;0
455;14;0;0;0;7;->;455;455;0;0;0
456;14;0;0;0;8;->;456;456;0;0;0
457;14;0;0;0;9;->;457;457;0;0;0
458;14;0;0;0;10;->;458;458;0;0;0
459;14;0;0;0;11;->;459;459;0;0;0
460;14;0;0;0;12;->;460;460;0;0;0
461;14;0;0;0;13;->;461;461;0;0;0
462;14;0;0;0;14;->;462;462;0;0;0
463;14;0;0;0;15;->;463;463;0;0;0
464;14;0;0;0;16;->;464;464;0;0;0
465;14;0;0;0;17;->;465;465;0;0;0
466;14;0;0;0;18;->;466;466;0;0;0
467;14;0;0;0;19;->;467;467;0;0;0
468;14;0;0;0;20;->;468;468;0;0;0
469;14;0;0;0;21;->;469;469;0;0;0
470;14;0;0;0;22;->;470;470;0;0;0
471;14;0;0;0;23;->;471;471;0;0;0
472;14;0;0;0;24;->;472;472;0;0;0
473;14;0;0;0;25;->;473;473;0;0;0
474;14;0;0;0;26;->;474;474;0;0;0
475;14;0;0;0;27;->;475;475;0;0;0
476;14;0;0;0;28;->;476;476;0;0;0
477;14;0;0;0;29;->;477;477;0;0;0
478;14;0;0;0;30;->;478;478;0;0;0
479;14;0;0;0;31;->;479;479;0;0;0
480;15;0;0;0;0;->;480;480;0;0;0
481;15;0;0;0;1;->;481;481;0;0;0
482;15;0;0;0;2;->;482;482;0;0;0
483;15;0;0;0;3;->;483;483;0;0;0
484;15;0;0;0;4;->;484;484;0;0;0
485;15;0;0;0;5;->;485;485;0;0;0
486;15;0;0;0;6;->;486;486;0;0;0
487;15;0;0;0;7;->;487;487;0;0;0
488;15;0;0;0;8;->;488;488;0;0;0
489;15;0;0;0;9;->;489;489;0;0;0
490;15;0;0;0;10;->;490;490;0;0;0
491;15;0;0;0;11;->;491;491;0;0;0
492;15;0;0;0;12;->;492;492;0;0;0
493;15;0;0;0;13;->;493;493;0;0;0
494;15;0;0;0;14;->;494;494;0;0;0
495;15;0;0;0;15;->;495;495;0;0;0
496;15;0;0;0;16;->;496;496;0;0;0
497;15;0;0;0;17;->;497;497;0;0;0
498;15;0;0;0;18;->;498;498;0;0;0
499;15;0;0;0;19;->;499;499;0;0;0
500;15;0;0;0;20;->;500;500;0;0;0
501;15;0;0;0;21;->;501;501;0;0;0
502;15;0;0;0;22;->;502;502;0;0;0
503;15;0;0;0;23;->;503;503;0;0;0
504;15;0;0;0;24;->;504;504;0;0;0
505;15;0;0;0;25;->;505;505;0;0;0
506;15;0;0;0;26;->;506;506;0;0;0
507;15;0;0;0;27;->;507;507;0;0;0
508;15;0;0;0;28;->;508;508;0;0;0
509;15;0;0;0;29;->;509;509;0;0;0
510;15;0;0;0;30;->;510;510;0;0;0
511;15;0;0;0;31;->;511;511;0;0;0
512;16;0;0;0;0;->;512;512;0;0;0
513;16;0;0;0;1;->;513;513;0;0;0
514;16;0;0;0;2;->;514;514;0;0;0
515;16;0;0;0;3;->;515;515;0;0;0
516;16;0;0;0;4;->;516;516;0;0;0
517;16;0;0;0;5;->;517;517;0;0;0
518;16;0;0;0;6;->;518;518;0;0;0
519;16;0;0;0;7;->;519;519;0;0;0
520;16;0;0;0;8;->;520;520;0;0;0
521;16;0;0;0;9;->;521;521;0;0;0
522;16;0;0;0;10;->;522;522;0;0;0
523;16;0;0;0;11;->;523;523;0;0;0
524;16;0;0;0;12;->;524;524;0;0;0
525;16;0;0;0;13;->;525;525;0;0;0
526;16;0;0;0;14;->;526;526;0;0;0
527;16;0;0;0;15;->;527;527;0;0;0
528;16;0;0;0;16;->;528;528;0;0;0
529;16;0;0;0;17;->;529;529;0;0;0
530;16;0;0;0;18;->;530;530;0;0;0
531;16;0;0;0;19;->;531;531;0;0;0
532;16;0;0;0;20;->;532;532;0;0;0
533;16;0;0;0;21;->;533;533;0;0;0
534;16;0;0;0;22;->;534;534;0;0;0
535;16;0;0;0;23;->;535;535;0;0;0
536;16;0;0;0;24;->;536;536;0;0;0
537;16;0;0;0;25;->;537;537;0;0;0
538;16;0;0;0;26;->;538;538;0;0;0
539;16;0;0;0;27;->;539;539;0;0;0
540;16;0;0;0;28;->;540;540;0;0;0
541;16;0;0;0;29;->;541;541;0;0;0
542;16;0;0;0;30;->;542;542;0;0;0
543;16;0;0;0;31;->;543;543;0;0;0
544;17;0;0;0;0;->;544;544;0;0;0
545;17;0;0;0;1;->;545;545;0;0;0
546;17;0;0;0;2;->;546;546;0;0;0
547;17;0;0;0;3;->;547;547;0;0;0
548;17;0;0;0;4;->;548;548;0;0;0
549;17;0;0;0;5;->;549;549;0;0;0
550;17;0;0;0;6;->;550;550;0;0;0
551;17;0;0;0;7;->;551;551;0;0;0
552;17;0;0;0;8;->;552;552;0;0;0
553;17;0;0;0;9;->;553;553;0;0;0
554;17;0;0;0;10;->;554;554;0;0;0
555;17;0;0;0;11;->;555;555;0;0;0
556;17;0;0;0;12;->;556;556;0;0;0
557;17;0;0;0;13;->;557;557;0;0;0
558;17;0;0;0;14;->;558;558;0;0;0
559;17;0;0;0;15;->;559;559;0;0;0
560;17;0;0;0;16;->;560;560;0;0;0
561;17;0;0;0;17;->;561;561;0;0;0
562;17;0;0;0;18;->;562;562;0;0;0
563;17;0;0;0;19;->;563;563;0;0;0
564;17;0;0;0;20;->;564;564;0;0;0
565;17;0;0;0;21;->;565;565;0;0;0
566;17;0;0;0;22;->;566;566;0;0;0
567;17;0;0;0;23;->;567;567;0;0;0
568;17;0;0;0;24;->;568;568;0;0;0
569;17;0;0;0;25;->;569;569;0;0;0
570;17;0;0;0;26;->;570;570;0;0;0
571;17;0;0;0;27;->;571;571;0;0;0
572;17;0;0;0;28;->;572;572;0;0;0
573;17;0;0;0;29;->;573;573;0;0;0
574;17;0;0;0;30;->;574;574;0;0;0
575;17;0;0;0;31;->;575;575;0;0;0
576;18;0;0;0;0;->;576;576;0;0;0
577;18;0;0;0;1;->;577;577;0;0;0
578;18;0;0;0;2;->;578;578;0;0;0
579;18;0;0;0;3;->;579;579;0;0;0
580;18;0;0;0;4;->;580;580;0;0;0
581;18;0;0;0;5;->;581;581;0;0;0
582;18;0;0;0;6;->;582;582;0;0;0
583;18;0;0;0;7;->;583;583;0;0;0
584;18;0;0;0;8;->;584;584;0;0;0
585;18;0;0;0;9;->;585;585;0;0;0
586;18;0;0;0;10;->;586;586;0;0;0
587;18;0;0;0;11;->;587;587;0;0;0
588;18;0;0;0;12;->;588;588;0;0;0
589;18;0;0;0;13;->;589;589;0;0;0
590;18;0;0;0;14;->;590;590;0;0;0
591;18;0;0;0;15;->;591;591;0;0;0
592;18;0;0;0;16;->;592;592;0;0;0
593;18;0;0;0;17;->;593;593;0;0;0
594;18;0;0;0;18;->;594;594;0;0;0
595;18;0;0;0;19;->;595;595;0;0;0
596;18;0;0;0;20;->;596;596;0;0;0
597;18;0;0;0;21;->;597;597;0;0;0
598;18;0;0;0;22;->;598;598;0;0;0
599;18;0;0;0;23;->;599;599;0;0;0
600;18;0;0;0;24;->;600;600;0;0;0
601;18;0;0;0;25;->;601;601;0;0;0
602;18;0;0;0;26;->;602;602;0;0;0
603;18;0;0;0;27;->;603;603;0;0;0
604;18;0;0;0;28;->;604;604;0;0;0
605;18;0;0;0;29;->;605;605;0;0;0
606;18;0;0;0;30;->;606;606;0;0;0
607;18;0;0;0;31;->;607;607;0;0;0
608;19;0;0;0;0;->;608;608;0;0;0
609;19;0;0;0;1;->;609;609;0;0;0
610;19;0;0;0;2;->;610;610;0;0;0
611;19;0;0;0;3;->;611;611;0;0;0
612;19;0;0;0;4;->;612;612;0;0;0
613;19;0;0;0;5;->;613;613;0;0;0
614;19;0;0;0;6;->;614;614;0;0;0
615;19;0;0;0;7;->;615;615;0;0;0
616;19;0;0;0;8;->;616;616;0;0;0
617;19;0;0;0;9;->;617;617;0;0;0
618;19;0;0;0;10;->;618;618;0;0;0
619;19;0;0;0;11;->;619;619;0;0;0
620;19;0;0;0;12;->;620;620;0;0;0
621;19;0;0;0;13;->;621;621;0;0;0
622;19;0;0;0;14;->;622;622;0;0;0
623;19;0;0;0;15;->;623;623;0;0;0
624;19;0;0;0;16;->;624;624;0;0;0
625;19;0;0;0;17;->;625;625;0;0;0
626;19;0;0;0;18;->;626;626;0;0;0
627;19;0;0;0;19;->;627;627;0;0;0
628;19;0;0;0;20;->;628;628;0;0;0
629;19;0;0;0;21;->;629;629;0;0;0
630;19;0;0;0;22;->;630;630;0;0;0
631;19;0;0;0;23;->;631;631;0;0;0
632;19;0;0;0;24;->;632;632;0;0;0
633;19;0;0;0;25;->;633;633;0;0;0
634;19;0;0;0;26;->;634;634;0;0;0
635;19;0;0;0;27;->;635;635;0;0;0
636;19;0;0;0;28;->;636;636;0;0;0
637;19;0;0;0;29;->;637;637;0;0;0
638;19;0;0;0;30;->;638;638;0;0;0
639;19;0;0;0;31;->;639;639;0;0;0
640;20;0;0;0;0;->;640;640;0;0;0
641;20;0;0;0;1;->;641;641;0;0;0
642;20;0;0;0;2;->;642;642;0;0;0
643;20;0;0;0;3;->;643;643;0;0;0
644;20;0;0;0;4;->;644;644;0;0;0
645;20;0;0;0;5;->;645;645;0;0;0
646;20;0;0;0;6;->;646;646;0;0;0
647;20;0;0;0;7;->;647;647;0;0;0
648;20;0;0;0;8;->;648;648;0;0;0
649;20;0;0;0;9;->;649;649;0;0;0
650;20;0;0;0;10;->;650;650;0;0;0
651;20;0;0;0;11;->;651;651;0;0;0
652;20;0;0;0;12;->;652;652;0;0;0
653;20;0;0;0;13;->;653;653;0;0;0
654;20;0;0;0;14;->;654;654;0;0;0
655;20;0;0;0;15;->;655;655;0;0;0
656;20;0;0;0;16;->;656;656;0;0;0
657;20;0;0;0;17;->;657;657;0;0;0
658;20;0;0;0;18;->;658;658;0;0;0
659;20;0;0;0;19;->;659;659;0;0;0
660;20;0;0;0;20;->;660;660;0;0;0
661;20;0;0;0;21;->;661;661;0;0;0
662;20;0;0;0;22;->;662;662;0;0;0
663;20;0;0;0;23;->;663;663;0;0;0
664;20;0;0;0;24;->;664;664;0;0;0
665;20;0;0;0;25;->;665;665;0;0;0
666;20;0;0;0;26;->;666;666;0;0;0
667;20;0;0;0;27;->;667;667;0;0;0
668;20;0;0;0;28;->;668;668;0;0;0
669;20;0;0;0;29;->;669;669;0;0;0
670;20;0;0;0;30;->;670;670;0;0;0
671;20;0;0;0;31;->;671;671;0;0;0
672;21;0;0;0;0;->;672;672;0;0;0
673;21;0;0;0;1;->;673;673;0;0;0
674;21;0;0;0;2;->;674;674;0;0;0
675;21;0;0;0;3;->;675;675;0;0;0
676;21;0;0;0;4;->;676;676;0;0;0
677;21;0;0;0;5;->;677;677;0;0;0
678;21;0;0;0;6;->;678;678;0;0;0
679;21;0;0;0;7;->;679;679;0;0;0
680;21;0;0;0;8;->;680;680;0;0;0
681;21;0;0;0;9;->;681;681;0;0;0
682;21;0;0;0;10;->;682;682;0;0;0
683;21;0;0;0;11;->;683;683;0;0;0
684;21;0;0;0;12;->;684;684;0;0;0
685;21;0;0;0;13;->;685;685;0;0;0
686;21;0;0;0;14;->;686;686;0;0;0
687;21;0;0;0;15;->;687;687;0;0;0
688;21;0;0;0;16;->;688;688;0;0;0
689;21;0;0;0;17;->;689;689;0;0;0
690;21;0;0;0;18;->;690;690;0;0;0
691;21;0;0;0;19;->;691;691;0;0;0
692;21;0;0;0;20;->;692;692;0;0;0
693;21;0;0;0;21;->;693;693;0;0;0
694;21;0;0;0;22;->;694;694;0;0;0
695;21;0;0;0;23;->;695;695;0;0;0
696;21;0;0;0;24;->;696;696;0;0;0
697;21;0;0;0;25;->;697;697;0;0;0
698;21;0;0;0;26;->;698;698;0;0;0
699;21;0;0;0;27;->;699;699;0;0;0
700;21;0;0;0;28;->;700;700;0;0;0
701;21;0;0;0;29;->;701;701;0;0;0
702;21;0;0;0;30;->;702;702;0;0;0
703;21;0;0;0;31;->;703;703;0;0;0
704;22;0;0;0;0;->;704;704;0;0;0
705;22;0;0;0;1;->;705;705;0;0;0
706;22;0;0;0;2;->;706;706;0;0;0
707;22;0;0;0;3;->;707;707;0;0;0
708;22;0;0;0;4;->;708;708;0;0;0
709;22;0;0;0;5;->;709;709;0;0;0
710;22;0;0;0;6;->;710;710;0;0;0
711;22;0;0;0;7;->;711;711;0;0;0
712;22;0;0;0;8;->;712;712;0;0;0
713;22;0;0;0;9;->;713;713;0;0;0
714;22;0;0;0;10;->;714;714;0;0;0
715;22;0;0;0;11;->;715;715;0;0;0
716;22;0;0;0;12;->;716;716;0;0;0
717;22;0;0;0;13;->;717;717;0;0;0
718;22;0;0;0;14;->;718;718;0;0;0
719;22;0;0;0;15;->;719;719;0;0;0
720;22;0;0;0;16;->;720;720;0;0;0
721;22;0;0;0;17;->;721;721;0;0;0
722;22;0;0;0;18;->;722;722;0;0;0
723;22;0;0;0;19;->;723;723;0;0;0
724;22;0;0;0;20;->;724;724;0;0;0
725;22;0;0;0;21;->;725;725;0;0;0
726;22;0;0;0;22;->;726;726;0;0;0
727;22;0;0;0;23;->;727;727;0;0;0
728;22;0;0;0;24;->;728;728;0;0;0
729;22;0;0;0;25;->;729;729;0;0;0
730;22;0;0;0;26;->;730;730;0;0;0
731;22;0;0;0;27;->;731;731;0;0;0
732;22;0;0;0;28;->;732;732;0;0;0
733;22;0;0;0;29;->;733;733;0;0;0
734;22;0;0;0;30;->;734;734;0;0;0
735;22;0;0;0;31;->;735;735;0;0;0
736;23;0;0;0;0;->;736;736;0;0;0
737;23;0;0;0;1;->;737;737;0;0;0
738;23;0;0;0;2;->;738;738;0;0;0
739;23;0;0;0;3;->;739;739;0;0;0
740;23;0;0;0;4;->;740;740;0;0;0
741;23;0;0;0;5;->;741;741;0;0;0
742;23;0;0;0;6;->;742;742;0;0;0
743;23;0;0;0;7;->;743;743;0;0;0
744;23;0;0;0;8;->;744;744;0;0;0
745;23;0;0;0;9;->;745;745;0;0;0
746;23;0;0;0;10;->;746;746;0;0;0
747;23;0;0;0;11;->;747;747;0;0;0
748;23;0;0;0;12;->;748;748;0;0;0
749;23;0;0;0;13;->;749;749;0;0;0
750;23;0;0;0;14;->;750;750;0;0;0
751;23;0;0;0;15;->;751;751;0;0;0
752;23;0;0;0;16;->;752;752;0;0;0
753;23;0;0;0;17;->;753;753;0;0;0
754;23;0;0;0;18;->;754;754;0;0;0
755;23;0;0;0;19;->;755;755;0;0;0
756;23;0;0;0;20;->;756;756;0;0;0
757;23;0;0;0;21;->;757;757;0;0;0
758;23;0;0;0;22;->;758;758;0;0;0
759;23;0;0;0;23;->;759;759;0;0;0
760;23;0;0;0;24;->;760;760;0;0;0
761;23;0;0;0;25;->;761;761;0;0;0
762;23;0;0;0;26;->;762;762;0;0;0
763;23;0;0;0;27;->;763;763;0;0;0
764;23;0;0;0;28;->;764;764;0;0;0
765;23;0;0;0;29;->;765;765;0;0;0
766;23;0;0;0;30;->;766;766;0;0;0
767;23;0;0;0;31;->;767;767;0;0;0
768;24;0;0;0;0;->;768;768;0;0;0
769;24;0;0;0;1;->;769;769;0;0;0
770;24;0;0;0;2;->;770;770;0;0;0
771;24;0;0;0;3;->;771;771;0;0;0
772;24;0;0;0;4;->;772;772;0;0;0
773;24;0;0;0;5;->;773;773;0;0;0
774;24;0;0;0;6;->;774;774;0;0;0
775;24;0;0;0;7;->;775;775;0;0;0
776;24;0;0;0;8;->;776;776;0;0;0
777;24;0;0;0;9;->;777;777;0;0;0
778;24;0;0;0;10;->;778;778;0;0;0
779;24;0;0;0;11;->;779;779;0;0;0
780;24;0;0;0;12;->;780;780;0;0;0
781;24;0;0;0;13;->;781;781;0;0;0
782;24;0;0;0;14;->;782;782;0;0;0
783;24;0;0;0;15;->;783;783;0;0;0
784;24;0;0;0;16;->;784;784;0;0;0
785;24;0;0;0;17;->;785;785;0;0;0
786;24;0;0;0;18;->;786;786;0;0;0
787;24;0;0;0;19;->;787;787;0;0;0
788;24;0;0;0;20;->;788;788;0;0;0
789;24;0;0;0;21;->;789;789;0;0;0
790;24;0;0;0;22;->;790;790;0;0;0
791;24;0;0;0;23;->;791;791;0;0;0
792;24;0;0;0;24;->;792;792;0;0;0
793;24;0;0;0;25;->;793;793;0;0;0
794;24;0;0;0;26;->;794;794;0;0;0
795;24;0;0;0;27;->;795;795;0;0;0
796;24;0;0;0;28;->;796;796;0;0;0
797;24;0;0;0;29;->;797;797;0;0;0
798;24;0;0;0;30;->;798;798;0;0;0
799;24;0;0;0;31;->;799;799;0;0;0
800;25;0;0;0;0;->;800;800;0;0;0
801;25;0;0;0;1;->;801;801;0;0;0
802;25;0;0;0;2;->;802;802;0;0;0
803;25;0;0;0;3;->;803;803;0;0;0
804;25;0;0;0;4;->;804;804;0;0;0
805;25;0;0;0;5;->;805;805;0;0;0
806;25;0;0;0;6;->;806;806;0;0;0
807;25;0;0;0;7;->;807;807;0;0;0
808;25;0;0;0;8;->;808;808;0;0;0
809;25;0;0;0;9;->;809;809;0;0;0
810;25;0;0;0;10;->;810;810;0;0;0
811;25;0;0;0;11;->;811;811;0;0;0
812;25;0;0;0;12;->;812;812;0;0;0
813;25;0;0;0;13;->;813;813;0;0;0
814;25;0;0;0;14;->;814;814;0;0;0
815;25;0;0;0;15;->;815;815;0;0;0
816;25;0;0;0;16;->;816;816;0;0;0
817;25;0;0;0;17;->;817;817;0;0;0
818;25;0;0;0;18;->;818;818;0;0;0
819;25;0;0;0;19;->;819;819;0;0;0
820;25;0;0;0;20;->;820;820;0;0;0
821;25;0;0;0;21;->;821;821;0;0;0
822;25;0;0;0;22;->;822;822;0;0;0
823;25;0;0;0;23;->;823;823;0;0;0
824;25;0;0;0;24;->;824;824;0;0;0
825;25;0;0;0;25;->;825;825;0;0;0
826;25;0;0;0;26;->;826;826;0;0;0
827;25;0;0;0;27;->;827;827;0;0;0
828;25;0;0;0;28;->;828;828;0;0;0
829;25;0;0;0;29;->;829;829;0;0;0
830;25;0;0;0;30;->;830;830;0;0;0
831;25;0;0;0;31;->;831;831;0;0;0
832;26;0;0;0;0;->;832;832;0;0;0
833;26;0;0;0;1;->;833;833;0;0;0
834;26;0;0;0;2;->;834;834;0;0;0
835;26;0;0;0;3;->;835;835;0;0;0
836;26;0;0;0;4;->;836;836;0;0;0
837;26;0;0;0;5;->;837;837;0;0;0
838;26;0;0;0;6;->;838;838;0;0;0
839;26;0;0;0;7;->;839;839;0;0;0
840;26;0;0;0;8;->;840;840;0;0;0
841;26;0;0;0;9;->;841;841;0;0;0
842;26;0;0;0;10;->;842;842;0;0;0
843;26;0;0;0;11;->;843;843;0;0;0
844;26;0;0;0;12;->;844;844;0;0;0
845;26;0;0;0;13;->;845;845;0;0;0
846;26;0;0;0;14;->;846;846;0;0;0
847;26;0;0;0;15;->;847;847;0;0;0
848;26;0;0;0;16;->;848;848;0;0;0
849;26;0;0;0;17;->;849;849;0;0;0
850;26;0;0;0;18;->;850;850;0;0;0
851;26;0;0;0;19;->;851;851;0;0;0
852;26;0;0;0;20;->;852;852;0;0;0
853;26;0;0;0;21;->;853;853;0;0;0
854;26;0;0;0;22;->;854;854;0;0;0
855;26;0;0;0;23;->;855;855;0;0;0
856;26;0;0;0;24;->;856;856;0;0;0
857;26;0;0;0;25;->;857;857;0;0;0
858;26;0;0;0;26;->;858;858;0;0;0
859;26;0;0;0;27;->;859;859;0;0;0
860;26;0;0;0;28;->;860;860;0;0;0
861;26;0;0;0;29;->;861;861;0;0;0
862;26;0;0;0;30;->;862;862;0;0;0
863;26;0;0;0;31;->;863;863;0;0;0
864;27;0;0;0;0;->;864;864;0;0;0
865;27;0;0;0;1;->;865;865;0;0;0
866;27;0;0;0;2;->;866;866;0;0;0
867;27;0;0;0;3;->;867;867;0;0;0
868;27;0;0;0;4;->;868;868;0;0;0
869;27;0;0;0;5;->;869;869;0;0;0
870;27;0;0;0;6;->;870;870;0;0;0
871;27;0;0;0;7;->;871;871;0;0;0
872;27;0;0;0;8;->;872;872;0;0;0
873;27;0;0;0;9;->;873;873;0;0;0
874;27;0;0;0;10;->;874;874;0;0;0
875;27;0;0;0;11;->;875;875;0;0;0
876;27;0;0;0;12;->;876;876;0;0;0
877;27;0;0;0;13;->;877;877;0;0;0
878;27;0;0;0;14;->;878;878;0;0;0
879;27;0;0;0;15;->;879;879;0;0;0
880;27;0;0;0;16;->;880;880;0;0;0
881;27;0;0;0;17;->;881;881;0;0;0
882;27;0;0;0;18;->;882;882;0;0;0
883;27;0;0;0;19;->;883;883;0;0;0
884;27;0;0;0;20;->;884;884;0;0;0
885;27;0;0;0;21;->;885;885;0;0;0
886;27;0;0;0;22;->;886;886;0;0;0
887;27;0;0;0;23;->;887;887;0;0;0
888;27;0;0;0;24;->;888;888;0;0;0
889;27;0;0;0;25;->;889;889;0;0;0
890;27;0;0;0;26;->;890;890;0;0;0
891;27;0;0;0;27;->;891;891;0;0;0
892;27;0;0;0;28;->;892;892;0;0;0
893;27;0;0;0;29;->;893;893;0;0;0
894;27;0;0;0;30;->;894;894;0;0;0
895;27;0;0;0;31;->;895;895;0;0;0
896;28;0;0;0;0;->;896;896;0;0;0
897;28;0;0;0;1;->;897;897;0;0;0
898;28;0;0;0;2;->;898;898;0;0;0
899;28;0;0;0;3;->;899;899;0;0;0
900;28;0;0;0;4;->;900;900;0;0;0
901;28;0;0;0;5;->;901;901;0;0;0
902;28;0;0;0;6;->;902;902;0;0;0
903;28;0;0;0;7;->;903;903;0;0;0
904;28;0;0;0;8;->;904;904;0;0;0
905;28;0;0;0;9;->;905;905;0;0;0
906;28;0;0;0;10;->;906;906;0;0;0
907;28;0;0;0;11;->;907;907;0;0;0
908;28;0;0;0;12;->;908;908;0;0;0
909;28;0;0;0;13;->;909;909;0;0;0
910;28;0;0;0;14;->;910;910;0;0;0
911;28;0;0;0;15;->;911;911;0;0;0
912;28;0;0;0;16;->;912;912;0;0;0
913;28;0;0;0;17;->;913;913;0;0;0
914;28;0;0;0;18;->;914;914;0;0;0
915;28;0;0;0;19;->;915;915;0;0;0
916;28;0;0;0;20;->;916;916;0;0;0
917;28;0;0;0;21;->;917;917;0;0;0
918;28;0;0;0;22;->;918;918;0;0;0
919;28;0;0;0;23;->;919;919;0;0;0
920;28;0;0;0;24;->;920;920;0;0;0
921;28;0;0;0;25;->;921;921;0;0;0
922;28;0;0;0;26;->;922;922;0;0;0
923;28;0;0;0;27;->;923;923;0;0;0
924;28;0;0;0;28;->;924;924;0;0;0
925;28;0;0;0;29;->;925;925;0;0;0
926;28;0;0;0;30;->;926;926;0;0;0
927;28;0;0;0;31;->;927;927;0;0;0
928;29;0;0;0;0;->;928;928;0;0;0
929;29;0;0;0;1;->;929;929;0;0;0
930;29;0;0;0;2;->;930;930;0;0;0
931;29;0;0;0;3;->;931;931;0;0;0
932;29;0;0;0;4;->;932;932;0;0;0
933;29;0;0;0;5;->;933;933;0;0;0
934;29;0;0;0;6;->;934;934;0;0;0
935;29;0;0;0;7;->;935;935;0;0;0
936;29;0;0;0;8;->;936;936;0;0;0
937;29;0;0;0;9;->;937;937;0;0;0
938;29;0;0;0;10;->;938;938;0;0;0
939;29;0;0;0;11;->;939;939;0;0;0
940;29;0;0;0;12;->;940;940;0;0;0
941;29;0;0;0;13;->;941;941;0;0;0
942;29;0;0;0;14;->;942;942;0;0;0
943;29;0;0;0;15;->;943;943;0;0;0
944;29;0;0;0;16;->;944;944;0;0;0
945;29;0;0;0;17;->;945;945;0;0;0
946;29;0;0;0;18;->;946;946;0;0;0
947;29;0;0;0;19;->;947;947;0;0;0
948;29;0;0;0;20;->;948;948;0;0;0
949;29;0;0;0;21;->;949;949;0;0;0
950;29;0;0;0;22;->;950;950;0;0;0
951;29;0;0;0;23;->;951;951;0;0;0
952;29;0;0;0;24;->;952;952;0;0;0
953;29;0;0;0;25;->;953;953;0;0;0
954;29;0;0;0;26;->;954;954;0;0;0
955;29;0;0;0;27;->;955;955;0;0;0
956;29;0;0;0;28;->;956;956;0;0;0
957;29;0;0;0;29;->;957;957;0;0;0
958;29;0;0;0;30;->;958;958;0;0;0
959;29;0;0;0;31;->;959;959;0;0;0
960;30;0;0;0;0;->;960;960;0;0;0
961;30;0;0;0;1;->;961;961;0;0;0
962;30;0;0;0;2;->;962;962;0;0;0
963;30;0;0;0;3;->;963;963;0;0;0
964;30;0;0;0;4;->;964;964;0;0;0
965;30;0;0;0;5;->;965;965;0;0;0
966;30;0;0;0;6;->;966;966;0;0;0
967;30;0;0;0;7;->;967;967;0;0;0
968;30;0;0;0;8;->;968;968;0;0;0
969;30;0;0;0;9;->;969;969;0;0;0
970;30;0;0;0;10;->;970;970;0;0;0
971;30;0;0;0;11;->;971;971;0;0;0
972;30;0;0;0;12;->;972;972;0;0;0
973;30;0;0;0;13;->;973;973;0;0;0
974;30;0;0;0;14;->;974;974;0;0;0
975;30;0;0;0;15;->;975;975;0;0;0
976;30;0;0;0;16;->;976;976;0;0;0
977;30;0;0;0;17;->;977;977;0;0;0
978;30;0;0;0;18;->;978;978;0;0;0
979;30;0;0;0;19;->;979;979;0;0;0
980;30;0;0;0;20;->;980;980;0;0;0
981;30;0;0;0;21;->;981;981;0;0;0
982;30;0;0;0;22;->;982;982;0;0;0
983;30;0;0;0;23;->;983;983;0;0;0
984;30;0;0;0;24;->;984;984;0;0;0
985;30;0;0;0;25;->;985;985;0;0;0
986;30;0;0;0;26;->;986;986;0;0;0
987;30;0;0;0;27;->;987;987;0;0;0
988;30;0;0;0;28;->;988;988;0;0;0
989;30;0;0;0;29;->;989;989;0;0;0
990;30;0;0;0;30;->;990;990;0;0;0
991;30;0;0;0;31;->;991;991;0;0;0
992;31;0;0;0;0;->;992;992;0;0;0
993;31;0;0;0;1;->;993;993;0;0;0
994;31;0;0;0;2;->;994;994;0;0;0
995;31;0;0;0;3;->;995;995;0;0;0
996;31;0;0;0;4;->;996;996;0;0;0
997;31;0;0;0;5;->;997;997;0;0;0
998;31;0;0;0;6;->;998;998;0;0;0
999;31;0;0;0;7;->;999;999;0;0;0
1000;31;0;0;0;8;->;1000;1000;0;0;0
